output,Vcmax25,T_air,SW_rad,"q_ref
(humidity)","dpai
(leaf area)"
GPP,11.329908294088932,-16.777414065779666,6.263692410772812,-0.05289211802853868,6.278256260647762
"H
(canopy sum)",-92.9541804294734,-1066.5476984402812,191.77856377235088,41.48128352133385,13.590986461158266
"LE
(canopy sum)",100.07675914090426,32.40021006513401,124.83838314910005,-44.25960932753953,70.49924869559118
